key,content-type
1a5ac2f0-1100-4368-9ea1-1f62ebe25468.png,image/png
1dc7a3ae-28e5-4260-96aa-060d865f79ad.png,image/png
6e920c7c-e8af-4b28-a4db-9ca05614194a.jpg,image/jpeg
7f66b19e-edcc-4e16-a1d4-6c17081c86db.png,image/png
17d8be5b-f046-423e-bc55-9d2fae438e17.png,image/png
513e2b9c-85f9-4245-8807-b2a54e3bdce1.jpg,image/jpeg
0914a469-06e7-4275-afca-f9c71e8e056c.jpg,image/jpeg
48746f11-23ea-48dd-923a-d9b8ca07279a.png,image/png
67237b0c-0823-4cb1-a7fb-0ba1bfb46331.png,image/png
a71a1121-1e75-4ed1-a3f2-fabe29ab95bd.jpg,image/jpeg
ac8ded45-26c1-41f3-9ec4-0ff8c58366d7.jpg,image/jpeg
ad96fad7-921f-4f0b-b4ac-020b91fb4b61.jpg,image/jpeg
b4729d25-65bc-450d-b860-3781ad86e6b8.png,image/png
babb525b-776e-45a5-a3d6-7e63330306b1.jpg,image/jpeg
bc8682c3-4d95-4fd4-b965-9d193a160860.png,image/png
d519e52c-fd35-48b9-85e9-c3e1deaa32cf.jpg,image/jpeg
d696d0fe-0ce5-497c-bcc5-0e2e679e3b11.jpg,image/jpeg
d9061b77-5336-4fb5-9397-a3cb92f5f785.jpg,image/jpeg
e12638c1-554e-4489-b9a4-2ad890e3d63f.jpg,image/jpeg
f664b402-05d0-42c3-8a6b-7f6a5214c650.png,image/png
fd97856c-29c4-4349-8546-46d159f1f621.jpg,image/jpeg
fe0b141d-96fc-4c63-b1f5-fc535e2874e8.jpg,image/jpeg
fe7787a7-8f86-4a1b-8fd8-8add0b51aa35.jpg,image/jpeg